identificativo_natante,data_cattura,peso_kg,regione,zona_FAO
100,2026-06-16,35,ABRUZZO,37.2.1
257,2026-06-17,40,SICILIA,37.1.3
267,2026-06-18,35,CALABRIA,37.2.2
267,2026-06-20,27,CALABRIA,37.2.2
343,2026-06-20,44,CALABRIA,37.2.2
64,2026-06-21,40,CALABRIA,37.2.2
267,2026-06-24,70,CALABRIA,37.2.2
252,2026-06-25,40,MARCHE,37.2.1
282,2026-06-27,35,ABRUZZO,37.2.1
86,2026-06-27,50,TOSCANA,37.1.3
285,2026-06-27,135,TOSCANA,37.1.3
101,2026-06-28,35,ABRUZZO,37.2.1
130,2026-06-28,31,ABRUZZO,37.2.1
298,2026-06-28,45,MARCHE,37.2.1
51,2026-06-28,60,TOSCANA,37.1.3
55,2026-06-30,60,CALABRIA,37.2.2
93,2026-06-30,50,SICILIA,37.1.3
33,2026-07-04,35,ABRUZZO,37.2.1
304,2026-07-04,50,TOSCANA,37.1.3
329,2026-07-04,37,TOSCANA,37.1.3
102,2026-07-05,35,ABRUZZO,37.2.1
181,2026-07-05,35,ABRUZZO,37.2.1
83,2026-07-06,45,TOSCANA,37.1.3
198,2026-07-07,35,ABRUZZO,37.2.1
210,2026-07-07,35,ABRUZZO,37.2.1
63,2026-07-07,40,MARCHE,37.2.1
153,2026-07-07,40,TOSCANA,37.1.3
210,2026-07-08,35,ABRUZZO,37.2.1
152,2026-07-08,60,SICILIA,37.1.3
346,2026-07-08,60,SICILIA,37.1.3
1,2026-07-08,40,TOSCANA,37.1.3
60,2026-07-08,50,TOSCANA,37.1.3
55,2026-07-09,34.38,CALABRIA,37.2.2
383,2026-07-09,55,SICILIA,37.1.3
72,2026-07-09,30,TOSCANA,37.1.3
306,2026-07-09,40,TOSCANA,37.1.3
372,2026-07-09,38,TOSCANA,37.1.3
389,2026-07-10,40,ABRUZZO,37.2.1
61,2026-07-10,36.84,CALABRIA,37.2.2
92,2026-07-11,35,ABRUZZO,37.2.1
406,2026-07-11,40,ABRUZZO,37.2.1
302,2026-07-11,35,CALABRIA,37.2.2
369,2026-07-11,53,CALABRIA,37.2.2
294,2026-07-11,35,FRIULI VENEZIA GIULIA,37.2.1
365,2026-07-11,30,FRIULI VENEZIA GIULIA,37.2.1
158,2026-07-11,30,TOSCANA,37.1.3
178,2026-07-11,35,TOSCANA,37.1.3
172,2026-07-12,30,CALABRIA,37.2.2
141,2026-07-12,65,EMILIA ROMAGNA,37.2.1
220,2026-07-12,35,EMILIA ROMAGNA,37.2.1
246,2026-07-12,40,EMILIA ROMAGNA,37.2.1
362,2026-07-12,59,SARDEGNA,37.1.3
8,2026-07-12,40,TOSCANA,37.1.3
368,2026-07-12,45,TOSCANA,37.1.3
210,2026-07-13,45,ABRUZZO,37.2.1
155,2026-07-13,30,MARCHE,37.2.1
191,2026-07-13,30,MARCHE,37.2.1
214,2026-07-13,40,SICILIA,37.1.3
49,2026-07-13,45,TOSCANA,37.1.3
180,2026-07-13,38,TOSCANA,37.1.3
222,2026-07-13,29,TOSCANA,37.1.3
248,2026-07-13,40,TOSCANA,37.1.3
328,2026-07-13,55,TOSCANA,37.1.3
332,2026-07-14,30,ABRUZZO,37.2.1
400,2026-07-14,35,ABRUZZO,37.2.1
27,2026-07-14,35,EMILIA ROMAGNA,37.2.1
171,2026-07-14,40,EMILIA ROMAGNA,37.2.1
146,2026-07-14,40,FRIULI VENEZIA GIULIA,37.2.1
22,2026-07-14,35,MARCHE,37.2.1
90,2026-07-15,30,ABRUZZO,37.2.1
115,2026-07-15,35,ABRUZZO,37.2.1
301,2026-07-15,40,ABRUZZO,37.2.1
390,2026-07-15,35,ABRUZZO,37.2.1
393,2026-07-15,40,ABRUZZO,37.2.1
399,2026-07-15,30,ABRUZZO,37.2.1
173,2026-07-15,50,EMILIA ROMAGNA,37.2.1
211,2026-07-15,40,EMILIA ROMAGNA,37.2.1
377,2026-07-15,45,FRIULI VENEZIA GIULIA,37.2.1
58,2026-07-15,35,MARCHE,37.2.1
84,2026-07-15,40,MARCHE,37.2.1
156,2026-07-15,30,MARCHE,37.2.1
273,2026-07-15,31,MARCHE,37.2.1
229,2026-07-15,45,SARDEGNA,37.1.3
71,2026-07-15,36,TOSCANA,37.1.3
306,2026-07-15,31,TOSCANA,37.1.3
277,2026-07-16,40,FRIULI VENEZIA GIULIA,37.2.1
294,2026-07-16,35,FRIULI VENEZIA GIULIA,37.2.1
374,2026-07-17,35,ABRUZZO,37.2.1
387,2026-07-17,30,ABRUZZO,37.2.1
392,2026-07-17,45,ABRUZZO,37.2.1
409,2026-07-17,33,ABRUZZO,37.2.1
410,2026-07-17,35,ABRUZZO,37.2.1
64,2026-07-17,80,CALABRIA,37.2.2
239,2026-07-17,30,MARCHE,37.2.1
252,2026-07-17,40,MARCHE,37.2.1
88,2026-07-18,35,ABRUZZO,37.2.1
111,2026-07-18,32,ABRUZZO,37.2.1
129,2026-07-18,35,ABRUZZO,37.2.1
181,2026-07-18,35,ABRUZZO,37.2.1
310,2026-07-18,40,ABRUZZO,37.2.1
315,2026-07-18,40,ABRUZZO,37.2.1
323,2026-07-18,40,ABRUZZO,37.2.1
389,2026-07-18,40,ABRUZZO,37.2.1
391,2026-07-18,40,ABRUZZO,37.2.1
396,2026-07-18,38,ABRUZZO,37.2.1
399,2026-07-18,40,ABRUZZO,37.2.1
405,2026-07-18,45,ABRUZZO,37.2.1
406,2026-07-18,40,ABRUZZO,37.2.1
410,2026-07-18,38,ABRUZZO,37.2.1
87,2026-07-18,45,CAMPANIA,37.1.3
145,2026-07-18,31.83,EMILIA ROMAGNA,37.2.1
23,2026-07-18,40,FRIULI VENEZIA GIULIA,37.2.1
19,2026-07-18,40,TOSCANA,37.1.3
200,2026-07-18,35,VENETO,37.2.1
6,2026-07-19,32,ABRUZZO,37.2.1
25,2026-07-19,35,ABRUZZO,37.2.1
44,2026-07-19,31,ABRUZZO,37.2.1
75,2026-07-19,40,ABRUZZO,37.2.1
111,2026-07-19,40,ABRUZZO,37.2.1
115,2026-07-19,35,ABRUZZO,37.2.1
181,2026-07-19,40,ABRUZZO,37.2.1
219,2026-07-19,30,ABRUZZO,37.2.1
314,2026-07-19,30,ABRUZZO,37.2.1
332,2026-07-19,60,ABRUZZO,37.2.1
168,2026-07-19,33,CALABRIA,37.2.2
335,2026-07-19,70,EMILIA ROMAGNA,37.2.1
162,2026-07-19,57,FRIULI VENEZIA GIULIA,37.2.1
21,2026-07-19,40,MARCHE,37.2.1
325,2026-07-19,40,MARCHE,37.2.1
244,2026-07-19,60,SARDEGNA,37.1.3
48,2026-07-19,40,VENETO,37.2.1
109,2026-07-20,30,ABRUZZO,37.2.1
181,2026-07-20,30,ABRUZZO,37.2.1
67,2026-07-20,45,CALABRIA,37.2.2
268,2026-07-20,48,SARDEGNA,37.1.3
19,2026-07-20,40,TOSCANA,37.1.3
67,2026-07-21,40,CALABRIA,37.2.2
185,2026-07-21,35,TOSCANA,37.1.3
166,2026-07-22,30,TOSCANA,37.1.3
213,2026-07-22,45,TOSCANA,37.1.3
6,2026-07-23,35,ABRUZZO,37.2.1
407,2026-07-23,30,ABRUZZO,37.2.1
170,2026-07-23,40,CALABRIA,37.2.2
343,2026-07-23,90,CALABRIA,37.2.2
258,2026-07-23,33,CAMPANIA,37.1.3
211,2026-07-23,40,EMILIA ROMAGNA,37.2.1
280,2026-07-23,35,EMILIA ROMAGNA,37.2.1
103,2026-07-23,60,MARCHE,37.2.1
252,2026-07-23,40,MARCHE,37.2.1
114,2026-07-23,35,TOSCANA,37.1.3
353,2026-07-24,35,FRIULI VENEZIA GIULIA,37.2.1
350,2026-07-25,30,CALABRIA,37.2.2
294,2026-07-25,30,FRIULI VENEZIA GIULIA,37.2.1
384,2026-07-25,32,FRIULI VENEZIA GIULIA,37.2.1
217,2026-07-25,43,VENETO,37.2.1
221,2026-07-25,50,VENETO,37.2.1
227,2026-07-25,80,VENETO,37.2.1
228,2026-07-25,61,VENETO,37.2.1
240,2026-07-25,64,VENETO,37.2.1
196,2026-07-26,40,ABRUZZO,37.2.1
405,2026-07-26,40,ABRUZZO,37.2.1
175,2026-07-26,35,CALABRIA,37.2.2
294,2026-07-26,35,FRIULI VENEZIA GIULIA,37.2.1
364,2026-07-26,30,FRIULI VENEZIA GIULIA,37.2.1
30,2026-07-27,35,FRIULI VENEZIA GIULIA,37.2.1
230,2026-07-27,36,FRIULI VENEZIA GIULIA,37.2.1
294,2026-07-27,40,FRIULI VENEZIA GIULIA,37.2.1
147,2026-07-27,35,MARCHE,37.2.1
306,2026-07-27,50,TOSCANA,37.1.3
16,2026-07-27,100,VENETO,37.2.1
299,2026-07-28,30,ABRUZZO,37.2.1
317,2026-07-28,40,ABRUZZO,37.2.1
366,2026-07-28,30,ABRUZZO,37.2.1
77,2026-07-28,38,EMILIA ROMAGNA,37.2.1
165,2026-07-28,30,FRIULI VENEZIA GIULIA,37.2.1
22,2026-07-28,35,MARCHE,37.2.1
137,2026-07-28,30,TOSCANA,37.1.3
36,2026-07-29,45,ABRUZZO,37.2.1
92,2026-07-29,30,ABRUZZO,37.2.1
148,2026-07-29,33,ABRUZZO,37.2.1
202,2026-07-29,30,ABRUZZO,37.2.1
264,2026-07-29,45,ABRUZZO,37.2.1
315,2026-07-29,50,ABRUZZO,37.2.1
363,2026-07-29,35,ABRUZZO,37.2.1
390,2026-07-29,35,ABRUZZO,37.2.1
4,2026-07-29,50,EMILIA ROMAGNA,37.2.1
32,2026-07-29,38,EMILIA ROMAGNA,37.2.1
66,2026-07-29,50,EMILIA ROMAGNA,37.2.1
77,2026-07-29,30,EMILIA ROMAGNA,37.2.1
157,2026-07-29,45,EMILIA ROMAGNA,37.2.1
204,2026-07-29,40,EMILIA ROMAGNA,37.2.1
211,2026-07-29,50,EMILIA ROMAGNA,37.2.1
249,2026-07-29,40,EMILIA ROMAGNA,37.2.1
280,2026-07-29,80,EMILIA ROMAGNA,37.2.1
308,2026-07-29,40,EMILIA ROMAGNA,37.2.1
309,2026-07-29,65,EMILIA ROMAGNA,37.2.1
361,2026-07-29,35,FRIULI VENEZIA GIULIA,37.2.1
22,2026-07-29,55,MARCHE,37.2.1
74,2026-07-29,40,MARCHE,37.2.1
91,2026-07-29,35,MARCHE,37.2.1
104,2026-07-29,35,MARCHE,37.2.1
138,2026-07-29,40,MARCHE,37.2.1
147,2026-07-29,30,MARCHE,37.2.1
182,2026-07-29,30,MARCHE,37.2.1
236,2026-07-29,40,MARCHE,37.2.1
189,2026-07-29,35,TOSCANA,37.1.3
203,2026-07-29,55,TOSCANA,37.1.3
222,2026-07-29,40,TOSCANA,37.1.3
306,2026-07-29,41,TOSCANA,37.1.3
188,2026-07-29,60,VENETO,37.2.1
120,2026-07-30,30,ABRUZZO,37.2.1
126,2026-07-30,40,ABRUZZO,37.2.1
133,2026-07-30,35,ABRUZZO,37.2.1
134,2026-07-30,35,ABRUZZO,37.2.1
154,2026-07-30,35,ABRUZZO,37.2.1
317,2026-07-30,40,ABRUZZO,37.2.1
347,2026-07-30,35,ABRUZZO,37.2.1
394,2026-07-30,35,ABRUZZO,37.2.1
5,2026-07-30,35,CALABRIA,37.2.2
4,2026-07-30,45,EMILIA ROMAGNA,37.2.1
77,2026-07-30,30,EMILIA ROMAGNA,37.2.1
141,2026-07-30,57,EMILIA ROMAGNA,37.2.1
311,2026-07-30,60,EMILIA ROMAGNA,37.2.1
367,2026-07-30,45,EMILIA ROMAGNA,37.2.1
79,2026-07-30,35,MARCHE,37.2.1
144,2026-07-30,40,MARCHE,37.2.1
265,2026-07-30,30,MARCHE,37.2.1
269,2026-07-30,32,MARCHE,37.2.1
380,2026-07-30,60,MARCHE,37.2.1
180,2026-07-30,35,TOSCANA,37.1.3
270,2026-07-30,50,VENETO,37.2.1
66,2026-07-31,40,EMILIA ROMAGNA,37.2.1
77,2026-07-31,80,EMILIA ROMAGNA,37.2.1
278,2026-07-31,30,EMILIA ROMAGNA,37.2.1
268,2026-07-31,48,SARDEGNA,37.1.3
304,2026-07-31,30,TOSCANA,37.1.3
341,2026-07-31,50,VENETO,37.2.1
342,2026-07-31,35,VENETO,37.2.1
36,2026-08-01,50,ABRUZZO,37.2.1
136,2026-08-01,30,ABRUZZO,37.2.1
393,2026-08-01,40,ABRUZZO,37.2.1
401,2026-08-01,35,ABRUZZO,37.2.1
402,2026-08-01,30,ABRUZZO,37.2.1
409,2026-08-01,35,ABRUZZO,37.2.1
302,2026-08-01,45,CALABRIA,37.2.2
141,2026-08-01,48,EMILIA ROMAGNA,37.2.1
164,2026-08-01,30,EMILIA ROMAGNA,37.2.1
167,2026-08-01,40,EMILIA ROMAGNA,37.2.1
278,2026-08-01,32,EMILIA ROMAGNA,37.2.1
318,2026-08-01,50,EMILIA ROMAGNA,37.2.1
18,2026-08-01,30,MARCHE,37.2.1
161,2026-08-01,45,MARCHE,37.2.1
184,2026-08-01,30,MARCHE,37.2.1
197,2026-08-01,30,MARCHE,37.2.1
46,2026-08-01,45,VENETO,37.2.1
78,2026-08-01,40,VENETO,37.2.1
94,2026-08-01,45,VENETO,37.2.1
159,2026-08-01,68,VENETO,37.2.1
348,2026-08-01,40,VENETO,37.2.1
355,2026-08-01,70,VENETO,37.2.1
36,2026-08-02,35,ABRUZZO,37.2.1
135,2026-08-02,35,ABRUZZO,37.2.1
264,2026-08-02,30,ABRUZZO,37.2.1
388,2026-08-02,40,ABRUZZO,37.2.1
389,2026-08-02,40,ABRUZZO,37.2.1
397,2026-08-02,32,ABRUZZO,37.2.1
404,2026-08-02,63,ABRUZZO,37.2.1
408,2026-08-02,35,ABRUZZO,37.2.1
409,2026-08-02,30,ABRUZZO,37.2.1
118,2026-08-02,40,CALABRIA,37.2.2
266,2026-08-02,60,CALABRIA,37.2.2
208,2026-08-02,100,EMILIA ROMAGNA,37.2.1
218,2026-08-02,36,EMILIA ROMAGNA,37.2.1
305,2026-08-02,90,EMILIA ROMAGNA,37.2.1
95,2026-08-02,60,LIGURIA,37.1.3
22,2026-08-02,35,MARCHE,37.2.1
82,2026-08-02,40,MARCHE,37.2.1
156,2026-08-02,25,MARCHE,37.2.1
179,2026-08-02,35,MARCHE,37.2.1
281,2026-08-02,40,MARCHE,37.2.1
370,2026-08-02,40,MARCHE,37.2.1
17,2026-08-02,65,VENETO,37.2.1
46,2026-08-02,50,VENETO,37.2.1
348,2026-08-02,40,VENETO,37.2.1
181,2026-08-03,30,ABRUZZO,37.2.1
234,2026-08-03,30,ABRUZZO,37.2.1
2,2026-08-03,35,CALABRIA,37.2.2
3,2026-08-03,38,CALABRIA,37.2.2
57,2026-08-03,33,CALABRIA,37.2.2
73,2026-08-03,32,CALABRIA,37.2.2
231,2026-08-03,85,CALABRIA,37.2.2
288,2026-08-03,75,CALABRIA,37.2.2
232,2026-08-03,36,EMILIA ROMAGNA,37.2.1
359,2026-08-03,40,EMILIA ROMAGNA,37.2.1
340,2026-08-03,30,MARCHE,37.2.1
151,2026-08-03,35,TOSCANA,37.1.3
192,2026-08-03,40,TOSCANA,37.1.3
279,2026-08-03,40,TOSCANA,37.1.3
92,2026-08-04,30,ABRUZZO,37.2.1
129,2026-08-04,30,ABRUZZO,37.2.1
219,2026-08-04,30,ABRUZZO,37.2.1
260,2026-08-04,40,ABRUZZO,37.2.1
332,2026-08-04,30,ABRUZZO,37.2.1
360,2026-08-04,30,ABRUZZO,37.2.1
371,2026-08-04,50,ABRUZZO,37.2.1
168,2026-08-04,26,CALABRIA,37.2.2
170,2026-08-04,36,CALABRIA,37.2.2
290,2026-08-04,30,CALABRIA,37.2.2
312,2026-08-04,45,CALABRIA,37.2.2
337,2026-08-04,28,CALABRIA,37.2.2
34,2026-08-04,55,EMILIA ROMAGNA,37.2.1
218,2026-08-04,33,EMILIA ROMAGNA,37.2.1
289,2026-08-04,35,LIGURIA,37.1.3
81,2026-08-05,40,ABRUZZO,37.2.1
143,2026-08-05,50,ABRUZZO,37.2.1
154,2026-08-05,36,ABRUZZO,37.2.1
296,2026-08-05,45,ABRUZZO,37.2.1
358,2026-08-05,35,ABRUZZO,37.2.1
400,2026-08-05,30,ABRUZZO,37.2.1
405,2026-08-05,40,ABRUZZO,37.2.1
117,2026-08-05,72,EMILIA ROMAGNA,37.2.1
211,2026-08-05,80,EMILIA ROMAGNA,37.2.1
218,2026-08-05,32,EMILIA ROMAGNA,37.2.1
259,2026-08-05,32,EMILIA ROMAGNA,37.2.1
321,2026-08-05,45,EMILIA ROMAGNA,37.2.1
367,2026-08-05,40,EMILIA ROMAGNA,37.2.1
338,2026-08-05,40,FRIULI VENEZIA GIULIA,37.2.1
261,2026-08-05,35,MARCHE,37.2.1
212,2026-08-05,40,TOSCANA,37.1.3
320,2026-08-05,30,TOSCANA,37.1.3
398,2026-08-05,75,VENETO,37.2.1
36,2026-08-06,43,ABRUZZO,37.2.1
43,2026-08-06,30,ABRUZZO,37.2.1
136,2026-08-06,45,ABRUZZO,37.2.1
219,2026-08-06,30,ABRUZZO,37.2.1
284,2026-08-06,35,ABRUZZO,37.2.1
327,2026-08-06,35,ABRUZZO,37.2.1
373,2026-08-06,32,ABRUZZO,37.2.1
382,2026-08-06,30,ABRUZZO,37.2.1
403,2026-08-06,40,ABRUZZO,37.2.1
267,2026-08-06,35,CALABRIA,37.2.2
313,2026-08-06,38,CALABRIA,37.2.2
337,2026-08-06,34,CALABRIA,37.2.2
157,2026-08-06,40,EMILIA ROMAGNA,37.2.1
119,2026-08-06,30,FRIULI VENEZIA GIULIA,37.2.1
356,2026-08-06,35,FRIULI VENEZIA GIULIA,37.2.1
22,2026-08-06,35,MARCHE,37.2.1
68,2026-08-06,35,MARCHE,37.2.1
82,2026-08-06,35,MARCHE,37.2.1
85,2026-08-06,30,MARCHE,37.2.1
239,2026-08-06,31,MARCHE,37.2.1
19,2026-08-06,40,TOSCANA,37.1.3
176,2026-08-06,40,TOSCANA,37.1.3
304,2026-08-06,40,TOSCANA,37.1.3
76,2026-08-06,50,VENETO,37.2.1
28,2026-08-07,30,ABRUZZO,37.2.1
29,2026-08-07,50,ABRUZZO,37.2.1
121,2026-08-07,35,ABRUZZO,37.2.1
260,2026-08-07,32,ABRUZZO,37.2.1
402,2026-08-07,40,ABRUZZO,37.2.1
62,2026-08-07,40,CALABRIA,37.2.2
245,2026-08-07,33,CALABRIA,37.2.2
331,2026-08-07,35,CALABRIA,37.2.2
70,2026-08-07,30,CAMPANIA,37.1.3
92,2026-08-08,30,ABRUZZO,37.2.1
108,2026-08-08,40,ABRUZZO,37.2.1
128,2026-08-08,35,ABRUZZO,37.2.1
218,2026-08-08,58,ABRUZZO,37.2.1
253,2026-08-08,35,ABRUZZO,37.2.1
263,2026-08-08,35,ABRUZZO,37.2.1
337,2026-08-08,40,CALABRIA,37.2.2
375,2026-08-09,40,ABRUZZO,37.2.1
169,2026-08-09,42,EMILIA ROMAGNA,37.2.1
199,2026-08-09,31,EMILIA ROMAGNA,37.2.1
274,2026-08-09,30,FRIULI VENEZIA GIULIA,37.2.1
96,2026-08-09,35,LIGURIA,37.1.3
54,2026-08-09,60,TOSCANA,37.1.3
223,2026-08-09,45,VENETO,37.2.1
43,2026-08-10,30,ABRUZZO,37.2.1
47,2026-08-10,35,ABRUZZO,37.2.1
69,2026-08-10,35,ABRUZZO,37.2.1
92,2026-08-10,30,ABRUZZO,37.2.1
109,2026-08-10,35,ABRUZZO,37.2.1
122,2026-08-10,30,ABRUZZO,37.2.1
150,2026-08-10,30,ABRUZZO,37.2.1
339,2026-08-10,35,ABRUZZO,37.2.1
371,2026-08-10,30,ABRUZZO,37.2.1
399,2026-08-10,30,ABRUZZO,37.2.1
400,2026-08-10,30,ABRUZZO,37.2.1
50,2026-08-10,34,CALABRIA,37.2.2
297,2026-08-10,50,CALABRIA,37.2.2
351,2026-08-10,41,CALABRIA,37.2.2
59,2026-08-10,60,EMILIA ROMAGNA,37.2.1
336,2026-08-10,55,EMILIA ROMAGNA,37.2.1
349,2026-08-10,45,EMILIA ROMAGNA,37.2.1
10,2026-08-10,40,MARCHE,37.2.1
22,2026-08-10,35,MARCHE,37.2.1
163,2026-08-10,30,MARCHE,37.2.1
177,2026-08-10,40,MARCHE,37.2.1
194,2026-08-10,50,MARCHE,37.2.1
226,2026-08-10,35,MARCHE,37.2.1
286,2026-08-10,25,MARCHE,37.2.1
201,2026-08-10,35,TOSCANA,37.1.3
52,2026-08-10,40,VENETO,37.2.1
237,2026-08-10,70,VENETO,37.2.1
385,2026-08-10,40,VENETO,37.2.1
33,2026-08-11,35,ABRUZZO,37.2.1
56,2026-08-11,45,ABRUZZO,37.2.1
92,2026-08-11,30,ABRUZZO,37.2.1
123,2026-08-11,40,ABRUZZO,37.2.1
127,2026-08-11,30,ABRUZZO,37.2.1
219,2026-08-11,30,ABRUZZO,37.2.1
354,2026-08-11,30,ABRUZZO,37.2.1
395,2026-08-11,35,ABRUZZO,37.2.1
410,2026-08-11,40,ABRUZZO,37.2.1
15,2026-08-11,52,CALABRIA,37.2.2
37,2026-08-11,42,CALABRIA,37.2.2
337,2026-08-11,70,CALABRIA,37.2.2
350,2026-08-11,65,CALABRIA,37.2.2
351,2026-08-11,35,CALABRIA,37.2.2
307,2026-08-11,52,CAMPANIA,37.1.3
45,2026-08-11,60,EMILIA ROMAGNA,37.2.1
69,2026-08-11,50,EMILIA ROMAGNA,37.2.1
149,2026-08-11,40,EMILIA ROMAGNA,37.2.1
167,2026-08-11,35,EMILIA ROMAGNA,37.2.1
316,2026-08-11,30,EMILIA ROMAGNA,37.2.1
20,2026-08-11,38,MARCHE,37.2.1
26,2026-08-11,30,MARCHE,37.2.1
144,2026-08-11,36,MARCHE,37.2.1
320,2026-08-11,53,TOSCANA,37.1.3
324,2026-08-11,25.14,TOSCANA,37.1.3
183,2026-08-11,45,VENETO,37.2.1
224,2026-08-11,40,VENETO,37.2.1
241,2026-08-11,45,VENETO,37.2.1
300,2026-08-11,40,VENETO,37.2.1
15,2026-08-12,50,CALABRIA,37.2.2
206,2026-08-12,42,CALABRIA,37.2.2
303,2026-08-12,45,CALABRIA,37.2.2
337,2026-08-12,45,CALABRIA,37.2.2
69,2026-08-12,40,EMILIA ROMAGNA,37.2.1
250,2026-08-13,40,CALABRIA,37.2.2
251,2026-08-13,30,TOSCANA,37.1.3
97,2026-08-14,50,LIGURIA,37.1.3
12,2026-08-15,40,EMILIA ROMAGNA,37.2.1
80,2026-08-15,40,EMILIA ROMAGNA,37.2.1
164,2026-08-15,40,EMILIA ROMAGNA,37.2.1
275,2026-08-15,40,EMILIA ROMAGNA,37.2.1
344,2026-08-15,32,EMILIA ROMAGNA,37.2.1
11,2026-08-15,40,MARCHE,37.2.1
193,2026-08-15,40,TOSCANA,37.1.3
293,2026-08-15,45,VENETO,37.2.1
89,2026-08-16,30,ABRUZZO,37.2.1
92,2026-08-16,25,ABRUZZO,37.2.1
127,2026-08-16,30,ABRUZZO,37.2.1
131,2026-08-16,40,ABRUZZO,37.2.1
202,2026-08-16,30,ABRUZZO,37.2.1
216,2026-08-16,20,ABRUZZO,37.2.1
235,2026-08-16,35,ABRUZZO,37.2.1
299,2026-08-16,35,ABRUZZO,37.2.1
389,2026-08-16,30,ABRUZZO,37.2.1
391,2026-08-16,45,ABRUZZO,37.2.1
395,2026-08-16,30,ABRUZZO,37.2.1
9,2026-08-16,50,EMILIA ROMAGNA,37.2.1
145,2026-08-16,45,EMILIA ROMAGNA,37.2.1
149,2026-08-16,50,EMILIA ROMAGNA,37.2.1
186,2026-08-16,55,EMILIA ROMAGNA,37.2.1
207,2026-08-16,45,EMILIA ROMAGNA,37.2.1
215,2026-08-16,40,EMILIA ROMAGNA,37.2.1
238,2026-08-16,40,EMILIA ROMAGNA,37.2.1
259,2026-08-16,40,EMILIA ROMAGNA,37.2.1
344,2026-08-16,40,EMILIA ROMAGNA,37.2.1
357,2026-08-16,40,EMILIA ROMAGNA,37.2.1
381,2026-08-16,50,EMILIA ROMAGNA,37.2.1
98,2026-08-16,50,LIGURIA,37.1.3
65,2026-08-16,30,MARCHE,37.2.1
103,2026-08-16,25,MARCHE,37.2.1
177,2026-08-16,42,MARCHE,37.2.1
29,2026-08-17,45,ABRUZZO,37.2.1
90,2026-08-17,20,ABRUZZO,37.2.1
92,2026-08-17,25,ABRUZZO,37.2.1
116,2026-08-17,25,ABRUZZO,37.2.1
235,2026-08-17,35,ABRUZZO,37.2.1
399,2026-08-17,30,ABRUZZO,37.2.1
410,2026-08-17,40,ABRUZZO,37.2.1
283,2026-08-17,40,EMILIA ROMAGNA,37.2.1
291,2026-08-17,50,VENETO,37.2.1
34,2026-08-18,40,EMILIA ROMAGNA,37.2.1
69,2026-08-18,40,EMILIA ROMAGNA,37.2.1
204,2026-08-18,40,EMILIA ROMAGNA,37.2.1
207,2026-08-18,50,EMILIA ROMAGNA,37.2.1
262,2026-08-18,35,EMILIA ROMAGNA,37.2.1
283,2026-08-18,40,EMILIA ROMAGNA,37.2.1
335,2026-08-18,65,EMILIA ROMAGNA,37.2.1
357,2026-08-18,35,EMILIA ROMAGNA,37.2.1
287,2026-08-18,45,LIGURIA,37.1.3
22,2026-08-18,35,MARCHE,37.2.1
112,2026-08-18,50,VENETO,37.2.1
225,2026-08-18,40,VENETO,37.2.1
336,2026-08-18,55,VENETO,37.2.1
106,2026-08-19,50,ABRUZZO,37.2.1
263,2026-08-19,30,ABRUZZO,37.2.1
12,2026-08-19,35,EMILIA ROMAGNA,37.2.1
334,2026-08-19,45,EMILIA ROMAGNA,37.2.1
41,2026-08-19,40,VENETO,37.2.1
69,2026-08-22,50,EMILIA ROMAGNA,37.2.1
292,2026-08-22,45,EMILIA ROMAGNA,37.2.1
318,2026-08-22,35,EMILIA ROMAGNA,37.2.1
333,2026-08-22,40,EMILIA ROMAGNA,37.2.1
230,2026-08-22,42,FRIULI VENEZIA GIULIA,37.2.1
377,2026-08-22,40,FRIULI VENEZIA GIULIA,37.2.1
190,2026-08-22,50,VENETO,37.2.1
345,2026-08-22,50,VENETO,37.2.1
44,2026-08-23,30,ABRUZZO,37.2.1
205,2026-08-23,50,ABRUZZO,37.2.1
45,2026-08-23,35,EMILIA ROMAGNA,37.2.1
142,2026-08-23,40,EMILIA ROMAGNA,37.2.1
7,2026-08-23,50,MARCHE,37.2.1
19,2026-08-23,70,TOSCANA,37.1.3
35,2026-08-24,40,ABRUZZO,37.2.1
129,2026-08-24,30,ABRUZZO,37.2.1
271,2026-08-24,30,ABRUZZO,37.2.1
40,2026-08-24,35,EMILIA ROMAGNA,37.2.1
53,2026-08-24,47,EMILIA ROMAGNA,37.2.1
66,2026-08-24,40,EMILIA ROMAGNA,37.2.1
295,2026-08-24,40,EMILIA ROMAGNA,37.2.1
255,2026-08-24,45,LIGURIA,37.1.3
31,2026-08-24,45,MARCHE,37.2.1
379,2026-08-24,35,MARCHE,37.2.1
348,2026-08-24,40,VENETO,37.2.1
124,2026-08-25,40,LIGURIA,37.1.3
317,2026-08-26,47,ABRUZZO,37.2.1
9,2026-08-26,70,EMILIA ROMAGNA,37.2.1
173,2026-08-26,35,EMILIA ROMAGNA,37.2.1
319,2026-08-26,45,EMILIA ROMAGNA,37.2.1
344,2026-08-26,40,EMILIA ROMAGNA,37.2.1
359,2026-08-26,35,EMILIA ROMAGNA,37.2.1
99,2026-08-26,81,LIGURIA,37.1.3
160,2026-08-26,40,VENETO,37.2.1
42,2026-08-27,31,ABRUZZO,37.2.1
130,2026-08-27,35,ABRUZZO,37.2.1
154,2026-08-27,30,ABRUZZO,37.2.1
205,2026-08-27,32,ABRUZZO,37.2.1
243,2026-08-27,30,ABRUZZO,37.2.1
145,2026-08-27,40,EMILIA ROMAGNA,37.2.1
242,2026-08-27,37,EMILIA ROMAGNA,37.2.1
283,2026-08-27,40,EMILIA ROMAGNA,37.2.1
344,2026-08-27,32,EMILIA ROMAGNA,37.2.1
378,2026-08-27,45,EMILIA ROMAGNA,37.2.1
195,2026-08-27,35,FRIULI VENEZIA GIULIA,37.2.1
386,2026-08-27,32,FRIULI VENEZIA GIULIA,37.2.1
82,2026-08-27,33,MARCHE,37.2.1
132,2026-08-28,35,ABRUZZO,37.2.1
260,2026-08-28,35,ABRUZZO,37.2.1
317,2026-08-28,30,ABRUZZO,37.2.1
9,2026-08-28,40,EMILIA ROMAGNA,37.2.1
14,2026-08-28,50,EMILIA ROMAGNA,37.2.1
39,2026-08-28,49,EMILIA ROMAGNA,37.2.1
69,2026-08-28,35,EMILIA ROMAGNA,37.2.1
283,2026-08-28,50,EMILIA ROMAGNA,37.2.1
344,2026-08-28,40,EMILIA ROMAGNA,37.2.1
233,2026-08-28,40,FRIULI VENEZIA GIULIA,37.2.1
82,2026-08-28,45,MARCHE,37.2.1
261,2026-08-28,35,MARCHE,37.2.1
43,2026-08-29,35,ABRUZZO,37.2.1
110,2026-08-29,30,ABRUZZO,37.2.1
121,2026-08-29,40,ABRUZZO,37.2.1
355,2026-08-29,40,VENETO,37.2.1
196,2026-08-30,40,ABRUZZO,37.2.1
272,2026-08-30,40,ABRUZZO,37.2.1
142,2026-08-30,40,EMILIA ROMAGNA,37.2.1
174,2026-08-30,45,EMILIA ROMAGNA,37.2.1
208,2026-08-30,50,EMILIA ROMAGNA,37.2.1
256,2026-08-30,40,EMILIA ROMAGNA,37.2.1
335,2026-08-30,40,EMILIA ROMAGNA,37.2.1
344,2026-08-30,60,EMILIA ROMAGNA,37.2.1
11,2026-08-30,50,MARCHE,37.2.1
352,2026-08-30,40,VENETO,37.2.1
154,2026-08-31,30,ABRUZZO,37.2.1
208,2026-08-31,38,EMILIA ROMAGNA,37.2.1
280,2026-08-31,60,EMILIA ROMAGNA,37.2.1
13,2026-08-31,30,LIGURIA,37.1.3
376,2026-08-31,40,LIGURIA,37.1.3
7,2026-08-31,32,MARCHE,37.2.1
187,2026-08-31,40,VENETO,37.2.1
330,2026-08-31,37,VENETO,37.2.1
295,2026-09-01,55,EMILIA ROMAGNA,37.2.1
19,2026-09-01,35,TOSCANA,37.1.3
42,2026-09-02,30,ABRUZZO,37.2.1
209,2026-09-02,40,ABRUZZO,37.2.1
254,2026-09-02,50,ABRUZZO,37.2.1
9,2026-09-02,64,EMILIA ROMAGNA,37.2.1
247,2026-09-02,40,EMILIA ROMAGNA,37.2.1
344,2026-09-02,35,EMILIA ROMAGNA,37.2.1
141,2026-09-04,50,EMILIA ROMAGNA,37.2.1
105,2026-09-05,35,ABRUZZO,37.2.1
107,2026-09-05,40,ABRUZZO,37.2.1
129,2026-09-05,30,ABRUZZO,37.2.1
326,2026-09-05,40,ABRUZZO,37.2.1
319,2026-09-05,37,EMILIA ROMAGNA,37.2.1
322,2026-09-05,55,EMILIA ROMAGNA,37.2.1
375,2026-09-05,40,EMILIA ROMAGNA,37.2.1
7,2026-09-05,37,MARCHE,37.2.1
65,2026-09-05,36,MARCHE,37.2.1
140,2026-09-05,30,MARCHE,37.2.1
6,2026-09-06,30,ABRUZZO,37.2.1
89,2026-09-06,45,ABRUZZO,37.2.1
92,2026-09-06,35,ABRUZZO,37.2.1
139,2026-09-06,45,ABRUZZO,37.2.1
317,2026-09-06,32,ABRUZZO,37.2.1
113,2026-09-07,31,LIGURIA,37.1.3
44,2026-09-08,30,ABRUZZO,37.2.1
125,2026-09-08,40,ABRUZZO,37.2.1
38,2026-09-08,40,FRIULI VENEZIA GIULIA,37.2.1
276,2026-09-08,40,PUGLIA,37.2.2
